instrumentID,eventTimestamp,orderID,orderType,eventType,side,price,stopPrice,lastPrice,quantity,leavesQuantity,user,trader,broker,account,clientID,venueID,assetClass,productType,productSubType,productSubType2,productSubType3,maturityDate,sourceSystemID,parentOrderID,parentChildIndicator,timeInForce,orderCapacity,internalTimestamp,sendingTime,seqNum,securityID,ISIN,CUSIP,symKey,assetClassKey,productKey,yield,qtyType,totalQty,minQty,secondaryDisplayQty,lastQty,ccy,ccyKey,val,displayMethod,execID,execType,eventType2,execRestatementReason,venueKey,venueSegment,venueType,orderPlatform,orderPlatformKey,sourceConnection,origOrderID,clOrdID,origClOrdID,quoteID,brokerIDKey,brokerName,traderIDKey,accountKey,legalEntity,legalEntityKey,salesID,salesIDKey,userIDKey,counterParty,counterPartyKey,counterPartyID,counterPartyDesc,counterPartyType,counterPartyStatus,text,orderInstructions,expireDateTime,valueDate,peggedPrice,pegOffsetValue,pegInstruction,flag,validationKey,possDupFlag,userId,priceType,upstreamFileName,recordID,tenor,aggressorFlag,icebergFlag,upstreamRCAID,wtbFlag,midPD,loopFlag,localIOCFlag,tradeDate,pdFlag
ABC7,2015.05.12D09:00:00.002000000,PAS/20160407/5775014,LMT,new,S,165.875,0,,1000,1000,,REF_FDTrader88,1,12AB14,,GCBOT,COMM_EXCH,REF_BBG_PROD2,,,,2016.12.02,BBG_TRADEBOOK,5775014,,GFD,agency,2018.10.25D01:47:49.515855000,,,noKeyForABC7,,,noKeyForABC7,Comdty,BBG_TRADEBOOK-Comdty-FUT,,,1000,,,,CCY1041,BBG_TRADEBOOK-USD,,,,new,,,GCBOT,GCBOT,,BBG_TRADEBOOK,BBG_TRADEBOOK,BBG_ETD_MF-PreAuctionSp00fing_DL_20150512.csv.gz,3980/20160407/5775010/2,843386990092 ZBM6,,,1,UBS,BBG_TRADEBOOK-FDTrader88,GUI-FDTrader88-12AB14-ABC7,10540,,,,,,,,,,,MSG:OrderId: 84338699990134; orderType:LMT,,,,,,,,5.94E+17,,,,,,,,,,,,,,,
ABC7,2015.05.12D09:00:00.002000000,PAS/20160407/5775015,LMT,new,S,165.875,0,,750,750,,REF_FDTrader89,1,12AB14,,GCBOT,COMM_EXCH,REF_BBG_PROD2,,,,2016.12.02,BBG_TRADEBOOK,5775015,,GFD,agency,2018.10.25D01:47:49.515855000,,,noKeyForABC7,,,noKeyForABC7,Comdty,BBG_TRADEBOOK-Comdty-FUT,,,750,,,,CCY1041,BBG_TRADEBOOK-USD,,,,new,,,GCBOT,GCBOT,,BBG_TRADEBOOK,BBG_TRADEBOOK,BBG_ETD_MF-PreAuctionSp00fing_DL_20150512.csv.gz,3980/20160407/5775010/2,843386990092 ZBM6,,,1,UBS,BBG_TRADEBOOK-FDTrader89,GUI-FDTrader89-12AB14-ABC7,10540,,,,,,,,,,,MSG:OrderId: 84338699990134; orderType:LMT,,,,,,,,5.94E+17,,,,,,,,,,,,,,,
ABC7,2015.05.12D09:00:00.002000000,PAS/20160407/5775016,LMT,new,S,165.875,0,,500,500,,REF_FDTrader88,1,12AB14,,GCBOT,COMM_EXCH,REF_BBG_PROD2,,,,2016.12.02,BBG_TRADEBOOK,5775016,,GFD,agency,2018.10.25D01:47:49.515855000,,,noKeyForABC7,,,noKeyForABC7,Comdty,BBG_TRADEBOOK-Comdty-FUT,,,500,,,,CCY1041,BBG_TRADEBOOK-USD,,,,new,,,GCBOT,GCBOT,,BBG_TRADEBOOK,BBG_TRADEBOOK,BBG_ETD_MF-PreAuctionSp00fing_DL_20150512.csv.gz,3980/20160407/5775010/2,843386990092 ZBM6,,,1,UBS,BBG_TRADEBOOK-FDTrader88,GUI-FDTrader88-12AB14-ABC7,10540,,,,,,,,,,,MSG:OrderId: 84338699990134; orderType:LMT,,,,,,,,5.94E+17,,,,,,,,,,,,,,,
ABC7,2015.05.12D09:00:00.002000000,PAS/20160407/5775017,LMT,new,S,165.875,0,,250,250,,REF_FDTrader89,1,12AB14,,GCBOT,COMM_EXCH,REF_BBG_PROD2,,,,2016.12.02,BBG_TRADEBOOK,5775017,,GFD,agency,2018.10.25D01:47:49.515855000,,,noKeyForABC7,,,noKeyForABC7,Comdty,BBG_TRADEBOOK-Comdty-FUT,,,250,,,,CCY1041,BBG_TRADEBOOK-USD,,,,new,,,GCBOT,GCBOT,,BBG_TRADEBOOK,BBG_TRADEBOOK,BBG_ETD_MF-PreAuctionSp00fing_DL_20150512.csv.gz,3980/20160407/5775010/2,843386990092 ZBM6,,,1,UBS,BBG_TRADEBOOK-FDTrader89,GUI-FDTrader89-12AB14-ABC7,10540,,,,,,,,,,,MSG:OrderId: 84338699990134; orderType:LMT,,,,,,,,5.94E+17,,,,,,,,,,,,,,,
ABC7,2015.05.12D09:14:23.000000000,PAS/20160407/5775014,LMT,cancelled,S,165.875,0,,1000,1000,,REF_FDTrader88,1,12AB14,,GCBOT,COMM_EXCH,REF_BBG_PROD2,,,,2016.12.02,BBG_TRADEBOOK,5775014,,GFD,agency,2018.10.25D01:47:49.515855000,,,noKeyForABC7,,,noKeyForABC7,Comdty,BBG_TRADEBOOK-Comdty-FUT,,,1000,,,,CCY1041,BBG_TRADEBOOK-USD,,,,cancelled,,,GCBOT,GCBOT,,BBG_TRADEBOOK,BBG_TRADEBOOK,BBG_ETD_MF-PreAuctionSp00fing_DL_20150512.csv.gz,3980/20160407/5775010/4,843386990092 ZBM6,,,1,UBS,BBG_TRADEBOOK-FDTrader88,GUI-FDTrader88-12AB14-ABC7,10540,,,,,,,,,,,MSG:OrderId: 84338699990134; orderType:LMT,,,,,,,,5.94E+17,,,,,,,,,,,,,,,
ABC7,2015.05.12D09:14:23.000000000,PAS/20160407/5775015,LMT,cancelled,S,165.875,0,,750,750,,REF_FDTrader89,1,12AB14,,GCBOT,COMM_EXCH,REF_BBG_PROD2,,,,2016.12.02,BBG_TRADEBOOK,5775015,,GFD,agency,2018.10.25D01:47:49.515855000,,,noKeyForABC7,,,noKeyForABC7,Comdty,BBG_TRADEBOOK-Comdty-FUT,,,750,,,,CCY1041,BBG_TRADEBOOK-USD,,,,cancelled,,,GCBOT,GCBOT,,BBG_TRADEBOOK,BBG_TRADEBOOK,BBG_ETD_MF-PreAuctionSp00fing_DL_20150512.csv.gz,3980/20160407/5775010/4,843386990092 ZBM6,,,1,UBS,BBG_TRADEBOOK-FDTrader89,GUI-FDTrader89-12AB14-ABC7,10540,,,,,,,,,,,MSG:OrderId: 84338699990134; orderType:LMT,,,,,,,,5.94E+17,,,,,,,,,,,,,,,
ABC7,2015.05.12D09:14:23.000000000,PAS/20160407/5775016,LMT,cancelled,S,165.875,0,,500,500,,REF_FDTrader88,1,12AB14,,GCBOT,COMM_EXCH,REF_BBG_PROD2,,,,2016.12.02,BBG_TRADEBOOK,5775016,,GFD,agency,2018.10.25D01:47:49.515855000,,,noKeyForABC7,,,noKeyForABC7,Comdty,BBG_TRADEBOOK-Comdty-FUT,,,500,,,,CCY1041,BBG_TRADEBOOK-USD,,,,cancelled,,,GCBOT,GCBOT,,BBG_TRADEBOOK,BBG_TRADEBOOK,BBG_ETD_MF-PreAuctionSp00fing_DL_20150512.csv.gz,3980/20160407/5775010/4,843386990092 ZBM6,,,1,UBS,BBG_TRADEBOOK-FDTrader88,GUI-FDTrader88-12AB14-ABC7,10540,,,,,,,,,,,MSG:OrderId: 84338699990134; orderType:LMT,,,,,,,,5.94E+17,,,,,,,,,,,,,,,
ABC7,2015.05.12D09:14:23.000000000,PAS/20160407/5775017,LMT,cancelled,S,165.875,0,,250,250,,REF_FDTrader89,1,12AB14,,GCBOT,COMM_EXCH,REF_BBG_PROD2,,,,2016.12.02,BBG_TRADEBOOK,5775017,,GFD,agency,2018.10.25D01:47:49.515855000,,,noKeyForABC7,,,noKeyForABC7,Comdty,BBG_TRADEBOOK-Comdty-FUT,,,250,,,,CCY1041,BBG_TRADEBOOK-USD,,,,cancelled,,,GCBOT,GCBOT,,BBG_TRADEBOOK,BBG_TRADEBOOK,BBG_ETD_MF-PreAuctionSp00fing_DL_20150512.csv.gz,3980/20160407/5775010/4,843386990092 ZBM6,,,1,UBS,BBG_TRADEBOOK-FDTrader89,GUI-FDTrader89-12AB14-ABC7,10540,,,,,,,,,,,MSG:OrderId: 84338699990134; orderType:LMT,,,,,,,,5.94E+17,,,,,,,,,,,,,,,
CNLSym,2015.05.12D16:00:00.000000000,CNL-Oid0,LMT,new,S,1.23,0,,100,100,,CNLTrader,broker 31,12AB14,,GCBOT,COMM_EXCH,REF_BBG_PROD2,,,,2016.12.02,BBG_TRADEBOOK,5775018,,GFD,agency,2018.10.25D01:47:49.515855000,,,RPLCNLSym,,,RPLCNLSym,Comdty,BBG_TRADEBOOK-Comdty-FUT,,,100,,,,CCY1041,BBG_TRADEBOOK-USD,,,,new,,,GCBOT,GCBOT,,BBG_TRADEBOOK,BBG_TRADEBOOK,BBG_ETD_MF-PreAuctionSp00fing_DL_20150512.csv.gz,CNL-Oid0,843386990092 ZBM6,,,broker 31,UBS,BBG_TRADEBOOK-CNLTrader,GUI-CNLTrader-12AB14-CNLSym,10540,,,,,,,,,,,MSG:OrderId: 84338699990134; orderType:LMT,,,,,,,,5.94E+17,,,,,,,,,,,,,,,
CNLSym,2015.05.12D16:00:00.001000000,CNL-Oid1,LMT,new,S,1.23,0,,100,100,,CNLTrader,broker 32,12AB14,,GCBOT,COMM_EXCH,REF_BBG_PROD2,,,,2016.12.02,BBG_TRADEBOOK,5775018,,GFD,agency,2018.10.25D01:47:49.515855000,,,CNLSym,,,CNLSym,Comdty,BBG_TRADEBOOK-Comdty-FUT,,,100,,,,CCY1041,BBG_TRADEBOOK-USD,,,,new,,,GCBOT,GCBOT,,BBG_TRADEBOOK,BBG_TRADEBOOK,BBG_ETD_MF-PreAuctionSp00fing_DL_20150512.csv.gz,CNL-Oid1,843386990092 ZBM6,,,broker 32,UBS,BBG_TRADEBOOK-CNLTrader,GUI-CNLTrader-12AB14-CNLSym,10540,,,,,,,,,,,MSG:OrderId: 84338699990134; orderType:LMT,,,,,,,,5.94E+17,,,,,,,,,,,,,,,
CNLSym,2015.05.12D16:00:00.002000000,CNL-Oid2,LMT,new,S,1.23,0,,100,100,,CNLTrader,broker 33,12AB14,,GCBOT,COMM_EXCH,REF_BBG_PROD2,,,,2016.12.02,BBG_TRADEBOOK,5775018,,GFD,agency,2018.10.25D01:47:49.515855000,,,CNLSym,,,CNLSym,Comdty,BBG_TRADEBOOK-Comdty-FUT,,,100,,,,CCY1041,BBG_TRADEBOOK-USD,,,,new,,,GCBOT,GCBOT,,BBG_TRADEBOOK,BBG_TRADEBOOK,BBG_ETD_MF-PreAuctionSp00fing_DL_20150512.csv.gz,CNL-Oid2,843386990092 ZBM6,,,broker 33,UBS,BBG_TRADEBOOK-CNLTrader,GUI-CNLTrader-12AB14-CNLSym,10540,,,,,,,,,,,MSG:OrderId: 84338699990134; orderType:LMT,,,,,,,,5.94E+17,,,,,,,,,,,,,,,
CNLSym,2015.05.12D16:00:00.003000000,CNL-Oid3,LMT,new,S,1.23,0,,100,100,,CNLTrader,broker 34,12AB14,,GCBOT,COMM_EXCH,REF_BBG_PROD2,,,,2016.12.02,BBG_TRADEBOOK,5775018,,GFD,agency,2018.10.25D01:47:49.515855000,,,CNLSym,,,CNLSym,Comdty,BBG_TRADEBOOK-Comdty-FUT,,,100,,,,CCY1041,BBG_TRADEBOOK-USD,,,,new,,,GCBOT,GCBOT,,BBG_TRADEBOOK,BBG_TRADEBOOK,BBG_ETD_MF-PreAuctionSp00fing_DL_20150512.csv.gz,CNL-Oid3,843386990092 ZBM6,,,broker 34,UBS,BBG_TRADEBOOK-CNLTrader,GUI-CNLTrader-12AB14-CNLSym,10540,,,,,,,,,,,MSG:OrderId: 84338699990134; orderType:LMT,,,,,,,,5.94E+17,,,,,,,,,,,,,,,
CNLSym,2015.05.12D16:00:00.004000000,CNL-Oid4,LMT,new,S,1.23,0,,100,100,,CNLTrader,broker 35,12AB14,,GCBOT,COMM_EXCH,REF_BBG_PROD2,,,,2016.12.02,BBG_TRADEBOOK,5775018,,GFD,agency,2018.10.25D01:47:49.515855000,,,CNLSym,,,CNLSym,Comdty,BBG_TRADEBOOK-Comdty-FUT,,,100,,,,CCY1041,BBG_TRADEBOOK-USD,,,,new,,,GCBOT,GCBOT,,BBG_TRADEBOOK,BBG_TRADEBOOK,BBG_ETD_MF-PreAuctionSp00fing_DL_20150512.csv.gz,CNL-Oid4,843386990092 ZBM6,,,broker 35,UBS,BBG_TRADEBOOK-CNLTrader,GUI-CNLTrader-12AB14-CNLSym,10540,,,,,,,,,,,MSG:OrderId: 84338699990134; orderType:LMT,,,,,,,,5.94E+17,,,,,,,,,,,,,,,
CNLSym,2015.05.12D16:00:00.005000000,CNL-Oid5,LMT,new,S,1.23,0,,100,100,,CNLTrader,broker 36,12AB14,,GCBOT,COMM_EXCH,REF_BBG_PROD2,,,,2016.12.02,BBG_TRADEBOOK,5775018,,GFD,agency,2018.10.25D01:47:49.515855000,,,CNLSym,,,CNLSym,Comdty,BBG_TRADEBOOK-Comdty-FUT,,,100,,,,CCY1041,BBG_TRADEBOOK-USD,,,,new,,,GCBOT,GCBOT,,BBG_TRADEBOOK,BBG_TRADEBOOK,BBG_ETD_MF-PreAuctionSp00fing_DL_20150512.csv.gz,CNL-Oid5,843386990092 ZBM6,,,broker 36,UBS,BBG_TRADEBOOK-CNLTrader,GUI-CNLTrader-12AB14-CNLSym,10540,,,,,,,,,,,MSG:OrderId: 84338699990134; orderType:LMT,,,,,,,,5.94E+17,,,,,,,,,,,,,,,
CNLSym,2015.05.12D16:00:00.006000000,CNL-Oid6,LMT,new,S,1.23,0,,100,100,,CNLTrader,broker 37,12AB14,,GCBOT,COMM_EXCH,REF_BBG_PROD2,,,,2016.12.02,BBG_TRADEBOOK,5775018,,GFD,agency,2018.10.25D01:47:49.515855000,,,CNLSym,,,CNLSym,Comdty,BBG_TRADEBOOK-Comdty-FUT,,,100,,,,CCY1041,BBG_TRADEBOOK-USD,,,,new,,,GCBOT,GCBOT,,BBG_TRADEBOOK,BBG_TRADEBOOK,BBG_ETD_MF-PreAuctionSp00fing_DL_20150512.csv.gz,CNL-Oid6,843386990092 ZBM6,,,broker 37,UBS,BBG_TRADEBOOK-CNLTrader,GUI-CNLTrader-12AB14-CNLSym,10540,,,,,,,,,,,MSG:OrderId: 84338699990134; orderType:LMT,,,,,,,,5.94E+17,,,,,,,,,,,,,,,
CNLSym,2015.05.12D16:00:00.007000000,CNL-Oid7,LMT,new,S,1.23,0,,100,100,,CNLTrader,broker 38,12AB14,,GCBOT,COMM_EXCH,REF_BBG_PROD2,,,,2016.12.02,BBG_TRADEBOOK,5775018,,GFD,agency,2018.10.25D01:47:49.515855000,,,CNLSym,,,CNLSym,Comdty,BBG_TRADEBOOK-Comdty-FUT,,,100,,,,CCY1041,BBG_TRADEBOOK-USD,,,,new,,,GCBOT,GCBOT,,BBG_TRADEBOOK,BBG_TRADEBOOK,BBG_ETD_MF-PreAuctionSp00fing_DL_20150512.csv.gz,CNL-Oid7,843386990092 ZBM6,,,broker 38,UBS,BBG_TRADEBOOK-CNLTrader,GUI-CNLTrader-12AB14-CNLSym,10540,,,,,,,,,,,MSG:OrderId: 84338699990134; orderType:LMT,,,,,,,,5.94E+17,,,,,,,,,,,,,,,
CNLSym,2015.05.12D16:00:00.008000000,CNL-Oid8,LMT,new,S,1.23,0,,100,100,,CNLTrader,broker 39,12AB14,,GCBOT,COMM_EXCH,REF_BBG_PROD2,,,,2016.12.02,BBG_TRADEBOOK,5775018,,GFD,agency,2018.10.25D01:47:49.515855000,,,CNLSym,,,CNLSym,Comdty,BBG_TRADEBOOK-Comdty-FUT,,,100,,,,CCY1041,BBG_TRADEBOOK-USD,,,,new,,,GCBOT,GCBOT,,BBG_TRADEBOOK,BBG_TRADEBOOK,BBG_ETD_MF-PreAuctionSp00fing_DL_20150512.csv.gz,CNL-Oid8,843386990092 ZBM6,,,broker 39,UBS,BBG_TRADEBOOK-CNLTrader,GUI-CNLTrader-12AB14-CNLSym,10540,,,,,,,,,,,MSG:OrderId: 84338699990134; orderType:LMT,,,,,,,,5.94E+17,,,,,,,,,,,,,,,
CNLSym,2015.05.12D16:00:00.009000000,CNL-Oid9,LMT,new,S,1.23,0,,100,100,,CNLTrader,broker 40,12AB14,,GCBOT,COMM_EXCH,REF_BBG_PROD2,,,,2016.12.02,BBG_TRADEBOOK,5775018,,GFD,agency,2018.10.25D01:47:49.515855000,,,CNLSym,,,CNLSym,Comdty,BBG_TRADEBOOK-Comdty-FUT,,,100,,,,CCY1041,BBG_TRADEBOOK-USD,,,,new,,,GCBOT,GCBOT,,BBG_TRADEBOOK,BBG_TRADEBOOK,BBG_ETD_MF-PreAuctionSp00fing_DL_20150512.csv.gz,CNL-Oid9,843386990092 ZBM6,,,broker 40,UBS,BBG_TRADEBOOK-CNLTrader,GUI-CNLTrader-12AB14-CNLSym,10540,,,,,,,,,,,MSG:OrderId: 84338699990134; orderType:LMT,,,,,,,,5.94E+17,,,,,,,,,,,,,,,
CNLSym,2015.05.12D16:00:00.010000000,CNL-Oid10,LMT,new,S,1.23,0,,100,100,,CNLTrader,broker 41,12AB14,,GCBOT,COMM_EXCH,REF_BBG_PROD2,,,,2016.12.02,BBG_TRADEBOOK,5775018,,GFD,agency,2018.10.25D01:47:49.515855000,,,CNLSym,,,CNLSym,Comdty,BBG_TRADEBOOK-Comdty-FUT,,,100,,,,CCY1041,BBG_TRADEBOOK-USD,,,,new,,,GCBOT,GCBOT,,BBG_TRADEBOOK,BBG_TRADEBOOK,BBG_ETD_MF-PreAuctionSp00fing_DL_20150512.csv.gz,CNL-Oid10,843386990092 ZBM6,,,broker 41,UBS,BBG_TRADEBOOK-CNLTrader,GUI-CNLTrader-12AB14-CNLSym,10540,,,,,,,,,,,MSG:OrderId: 84338699990134; orderType:LMT,,,,,,,,5.94E+17,,,,,,,,,,,,,,,
CNLSym,2015.05.12D16:18:00.000000000,CNL-Oid1,LMT,cancelled,S,1.23,0,,100,100,,CNLTrader,broker 42,12AB14,,GCBOT,COMM_EXCH,REF_BBG_PROD2,,,,2016.12.02,BBG_TRADEBOOK,5775018,,GFD,agency,2018.10.25D01:47:49.515855000,,,CNLSym,,,CNLSym,Comdty,BBG_TRADEBOOK-Comdty-FUT,,,100,,,,CCY1041,BBG_TRADEBOOK-USD,,,,cancelled,,,GCBOT,GCBOT,,BBG_TRADEBOOK,BBG_TRADEBOOK,BBG_ETD_MF-PreAuctionSp00fing_DL_20150512.csv.gz,CNL-Oid1,843386990092 ZBM6,,,broker 42,UBS,BBG_TRADEBOOK-CNLTrader,GUI-CNLTrader-12AB14-CNLSym,10540,,,,,,,,,,,MSG:OrderId: 84338699990134; orderType:LMT,,,,,,,,5.94E+17,,,,,,,,,,,,,,,
CNLSym,2015.05.12D16:18:00.001000000,CNL-Oid2,LMT,cancelled,S,1.23,0,,100,100,,CNLTrader,broker 43,12AB14,,GCBOT,COMM_EXCH,REF_BBG_PROD2,,,,2016.12.02,BBG_TRADEBOOK,5775018,,GFD,agency,2018.10.25D01:47:49.515855000,,,CNLSym,,,CNLSym,Comdty,BBG_TRADEBOOK-Comdty-FUT,,,100,,,,CCY1041,BBG_TRADEBOOK-USD,,,,cancelled,,,GCBOT,GCBOT,,BBG_TRADEBOOK,BBG_TRADEBOOK,BBG_ETD_MF-PreAuctionSp00fing_DL_20150512.csv.gz,CNL-Oid2,843386990092 ZBM6,,,broker 43,UBS,BBG_TRADEBOOK-CNLTrader,GUI-CNLTrader-12AB14-CNLSym,10540,,,,,,,,,,,MSG:OrderId: 84338699990134; orderType:LMT,,,,,,,,5.94E+17,,,,,,,,,,,,,,,
CNLSym,2015.05.12D16:18:00.002000000,CNL-Oid3,LMT,cancelled,S,1.23,0,,100,100,,CNLTrader,broker 44,12AB14,,GCBOT,COMM_EXCH,REF_BBG_PROD2,,,,2016.12.02,BBG_TRADEBOOK,5775018,,GFD,agency,2018.10.25D01:47:49.515855000,,,CNLSym,,,CNLSym,Comdty,BBG_TRADEBOOK-Comdty-FUT,,,100,,,,CCY1041,BBG_TRADEBOOK-USD,,,,cancelled,,,GCBOT,GCBOT,,BBG_TRADEBOOK,BBG_TRADEBOOK,BBG_ETD_MF-PreAuctionSp00fing_DL_20150512.csv.gz,CNL-Oid3,843386990092 ZBM6,,,broker 44,UBS,BBG_TRADEBOOK-CNLTrader,GUI-CNLTrader-12AB14-CNLSym,10540,,,,,,,,,,,MSG:OrderId: 84338699990134; orderType:LMT,,,,,,,,5.94E+17,,,,,,,,,,,,,,,
CNLSym,2015.05.12D16:19:00.000000000,CNL-Oid0,LMT,cancelled,S,1.23,0,,100,100,,CNLTrader,broker 45,12AB14,,GCBOT,COMM_EXCH,REF_BBG_PROD2,,,,2016.12.02,BBG_TRADEBOOK,5775018,,GFD,agency,2018.10.25D01:47:49.515855000,,,RPLCNLSym,,,RPLCNLSym,Comdty,BBG_TRADEBOOK-Comdty-FUT,,,100,,,,CCY1041,BBG_TRADEBOOK-USD,,,,cancelled,,,GCBOT,GCBOT,,BBG_TRADEBOOK,BBG_TRADEBOOK,BBG_ETD_MF-PreAuctionSp00fing_DL_20150512.csv.gz,CNL-Oid0,843386990092 ZBM6,,,broker 45,UBS,BBG_TRADEBOOK-CNLTrader,GUI-CNLTrader-12AB14-CNLSym,10540,,,,,,,,,,,MSG:OrderId: 84338699990134; orderType:LMT,,,,,,,,5.94E+17,,,,,,,,,,,,,,,
LSECLSSym,2015.05.12D16:50:00.001000000,LSECLS-Oid1,LMT,new,S,1.23,0,,100,100,,LSECLSTrader,broker 78,12AB14,,LSE,COMM_EXCH,REF_BBG_PROD2,,,,2016.12.02,BBG_TRADEBOOK,5775018,,GFD,agency,2018.10.25D01:47:49.515855000,,,CNLSym,,,CNLSym,Comdty,BBG_TRADEBOOK-Comdty-FUT,,,100,,,,CCY1041,BBG_TRADEBOOK-USD,,,,new,,,LSE,LSE,,BBG_TRADEBOOK,BBG_TRADEBOOK,BBG_ETD_MF-PreAuctionSp00fing_DL_20150512.csv.gz,LSECLS-Oid1,843386990092 ZBM6,,,broker 78,UBS,BBG_TRADEBOOK-LSECLSTrader,GUI-LSECLSTrader-12AB14-LSECLSSym,10540,,,,,,,,,,,MSG:OrderId: 84338699990134; orderType:LMT,,,,,,,,5.94E+17,,,,,,,,,,,,,,,
LSECLSSym,2015.05.12D16:50:00.002000000,LSECLS-Oid2,LMT,new,S,1.23,0,,100,100,,LSECLSTrader,broker 79,12AB14,,LSE,COMM_EXCH,REF_BBG_PROD2,,,,2016.12.02,BBG_TRADEBOOK,5775018,,GFD,agency,2018.10.25D01:47:49.515855000,,,CNLSym,,,CNLSym,Comdty,BBG_TRADEBOOK-Comdty-FUT,,,100,,,,CCY1041,BBG_TRADEBOOK-USD,,,,new,,,LSE,LSE,,BBG_TRADEBOOK,BBG_TRADEBOOK,BBG_ETD_MF-PreAuctionSp00fing_DL_20150512.csv.gz,LSECLS-Oid2,843386990092 ZBM6,,,broker 79,UBS,BBG_TRADEBOOK-LSECLSTrader,GUI-LSECLSTrader-12AB14-LSECLSSym,10540,,,,,,,,,,,MSG:OrderId: 84338699990134; orderType:LMT,,,,,,,,5.94E+17,,,,,,,,,,,,,,,
LSECLSSym,2015.05.12D16:50:00.003000000,LSECLS-Oid3,LMT,new,S,1.23,0,,100,100,,LSECLSTrader,broker 80,12AB14,,LSE,COMM_EXCH,REF_BBG_PROD2,,,,2016.12.02,BBG_TRADEBOOK,5775018,,GFD,agency,2018.10.25D01:47:49.515855000,,,CNLSym,,,CNLSym,Comdty,BBG_TRADEBOOK-Comdty-FUT,,,100,,,,CCY1041,BBG_TRADEBOOK-USD,,,,new,,,LSE,LSE,,BBG_TRADEBOOK,BBG_TRADEBOOK,BBG_ETD_MF-PreAuctionSp00fing_DL_20150512.csv.gz,LSECLS-Oid3,843386990092 ZBM6,,,broker 80,UBS,BBG_TRADEBOOK-LSECLSTrader,GUI-LSECLSTrader-12AB14-LSECLSSym,10540,,,,,,,,,,,MSG:OrderId: 84338699990134; orderType:LMT,,,,,,,,5.94E+17,,,,,,,,,,,,,,,
LSECLSSym,2015.05.12D16:50:00.004000000,LSECLS-Oid4,LMT,new,S,1.23,0,,100,100,,LSECLSTrader,broker 81,12AB14,,LSE,COMM_EXCH,REF_BBG_PROD2,,,,2016.12.02,BBG_TRADEBOOK,5775018,,GFD,agency,2018.10.25D01:47:49.515855000,,,CNLSym,,,CNLSym,Comdty,BBG_TRADEBOOK-Comdty-FUT,,,100,,,,CCY1041,BBG_TRADEBOOK-USD,,,,new,,,LSE,LSE,,BBG_TRADEBOOK,BBG_TRADEBOOK,BBG_ETD_MF-PreAuctionSp00fing_DL_20150512.csv.gz,LSECLS-Oid4,843386990092 ZBM6,,,broker 81,UBS,BBG_TRADEBOOK-LSECLSTrader,GUI-LSECLSTrader-12AB14-LSECLSSym,10540,,,,,,,,,,,MSG:OrderId: 84338699990134; orderType:LMT,,,,,,,,5.94E+17,,,,,,,,,,,,,,,
LSECLSSym,2015.05.12D16:50:00.005000000,LSECLS-Oid5,LMT,new,S,1.23,0,,100,100,,LSECLSTrader,broker 82,12AB14,,LSE,COMM_EXCH,REF_BBG_PROD2,,,,2016.12.02,BBG_TRADEBOOK,5775018,,GFD,agency,2018.10.25D01:47:49.515855000,,,CNLSym,,,CNLSym,Comdty,BBG_TRADEBOOK-Comdty-FUT,,,100,,,,CCY1041,BBG_TRADEBOOK-USD,,,,new,,,LSE,LSE,,BBG_TRADEBOOK,BBG_TRADEBOOK,BBG_ETD_MF-PreAuctionSp00fing_DL_20150512.csv.gz,LSECLS-Oid5,843386990092 ZBM6,,,broker 82,UBS,BBG_TRADEBOOK-LSECLSTrader,GUI-LSECLSTrader-12AB14-LSECLSSym,10540,,,,,,,,,,,MSG:OrderId: 84338699990134; orderType:LMT,,,,,,,,5.94E+17,,,,,,,,,,,,,,,
LSECLSSym,2015.05.12D16:50:00.006000000,LSECLS-Oid6,LMT,new,S,1.23,0,,100,100,,LSECLSTrader,broker 83,12AB14,,LSE,COMM_EXCH,REF_BBG_PROD2,,,,2016.12.02,BBG_TRADEBOOK,5775018,,GFD,agency,2018.10.25D01:47:49.515855000,,,CNLSym,,,CNLSym,Comdty,BBG_TRADEBOOK-Comdty-FUT,,,100,,,,CCY1041,BBG_TRADEBOOK-USD,,,,new,,,LSE,LSE,,BBG_TRADEBOOK,BBG_TRADEBOOK,BBG_ETD_MF-PreAuctionSp00fing_DL_20150512.csv.gz,LSECLS-Oid6,843386990092 ZBM6,,,broker 83,UBS,BBG_TRADEBOOK-LSECLSTrader,GUI-LSECLSTrader-12AB14-LSECLSSym,10540,,,,,,,,,,,MSG:OrderId: 84338699990134; orderType:LMT,,,,,,,,5.94E+17,,,,,,,,,,,,,,,
LSECLSSym,2015.05.12D16:50:00.007000000,LSECLS-Oid7,LMT,new,S,1.23,0,,100,100,,LSECLSTrader,broker 84,12AB14,,LSE,COMM_EXCH,REF_BBG_PROD2,,,,2016.12.02,BBG_TRADEBOOK,5775018,,GFD,agency,2018.10.25D01:47:49.515855000,,,CNLSym,,,CNLSym,Comdty,BBG_TRADEBOOK-Comdty-FUT,,,100,,,,CCY1041,BBG_TRADEBOOK-USD,,,,new,,,LSE,LSE,,BBG_TRADEBOOK,BBG_TRADEBOOK,BBG_ETD_MF-PreAuctionSp00fing_DL_20150512.csv.gz,LSECLS-Oid7,843386990092 ZBM6,,,broker 84,UBS,BBG_TRADEBOOK-LSECLSTrader,GUI-LSECLSTrader-12AB14-LSECLSSym,10540,,,,,,,,,,,MSG:OrderId: 84338699990134; orderType:LMT,,,,,,,,5.94E+17,,,,,,,,,,,,,,,
LSECLSSym,2015.05.12D16:50:00.008000000,LSECLS-Oid8,LMT,new,S,1.23,0,,100,100,,LSECLSTrader,broker 85,12AB14,,LSE,COMM_EXCH,REF_BBG_PROD2,,,,2016.12.02,BBG_TRADEBOOK,5775018,,GFD,agency,2018.10.25D01:47:49.515855000,,,CNLSym,,,CNLSym,Comdty,BBG_TRADEBOOK-Comdty-FUT,,,100,,,,CCY1041,BBG_TRADEBOOK-USD,,,,new,,,LSE,LSE,,BBG_TRADEBOOK,BBG_TRADEBOOK,BBG_ETD_MF-PreAuctionSp00fing_DL_20150512.csv.gz,LSECLS-Oid8,843386990092 ZBM6,,,broker 85,UBS,BBG_TRADEBOOK-LSECLSTrader,GUI-LSECLSTrader-12AB14-LSECLSSym,10540,,,,,,,,,,,MSG:OrderId: 84338699990134; orderType:LMT,,,,,,,,5.94E+17,,,,,,,,,,,,,,,
LSECLSSym,2015.05.12D16:50:00.009000000,LSECLS-Oid9,LMT,new,S,1.23,0,,100,100,,LSECLSTrader,broker 86,12AB14,,LSE,COMM_EXCH,REF_BBG_PROD2,,,,2016.12.02,BBG_TRADEBOOK,5775018,,GFD,agency,2018.10.25D01:47:49.515855000,,,CNLSym,,,CNLSym,Comdty,BBG_TRADEBOOK-Comdty-FUT,,,100,,,,CCY1041,BBG_TRADEBOOK-USD,,,,new,,,LSE,LSE,,BBG_TRADEBOOK,BBG_TRADEBOOK,BBG_ETD_MF-PreAuctionSp00fing_DL_20150512.csv.gz,LSECLS-Oid9,843386990092 ZBM6,,,broker 86,UBS,BBG_TRADEBOOK-LSECLSTrader,GUI-LSECLSTrader-12AB14-LSECLSSym,10540,,,,,,,,,,,MSG:OrderId: 84338699990134; orderType:LMT,,,,,,,,5.94E+17,,,,,,,,,,,,,,,
LSECLSSym,2015.05.12D16:50:00.010000000,LSECLS-Oid10,LMT,new,S,1.23,0,,100,100,,LSECLSTrader,broker 87,12AB14,,LSE,COMM_EXCH,REF_BBG_PROD2,,,,2016.12.02,BBG_TRADEBOOK,5775018,,GFD,agency,2018.10.25D01:47:49.515855000,,,CNLSym,,,CNLSym,Comdty,BBG_TRADEBOOK-Comdty-FUT,,,100,,,,CCY1041,BBG_TRADEBOOK-USD,,,,new,,,LSE,LSE,,BBG_TRADEBOOK,BBG_TRADEBOOK,BBG_ETD_MF-PreAuctionSp00fing_DL_20150512.csv.gz,LSECLS-Oid10,843386990092 ZBM6,,,broker 87,UBS,BBG_TRADEBOOK-LSECLSTrader,GUI-LSECLSTrader-12AB14-LSECLSSym,10540,,,,,,,,,,,MSG:OrderId: 84338699990134; orderType:LMT,,,,,,,,5.94E+17,,,,,,,,,,,,,,,
LSECLSSym,2015.05.12D16:58:00.000000000,LSECLS-Oid1,LMT,cancelled,S,1.23,0,,100,100,,LSECLSTrader,broker 88,12AB14,,LSE,COMM_EXCH,REF_BBG_PROD2,,,,2016.12.02,BBG_TRADEBOOK,5775018,,GFD,agency,2018.10.25D01:47:49.515855000,,,CNLSym,,,CNLSym,Comdty,BBG_TRADEBOOK-Comdty-FUT,,,100,,,,CCY1041,BBG_TRADEBOOK-USD,,,,cancelled,,,LSE,LSE,,BBG_TRADEBOOK,BBG_TRADEBOOK,BBG_ETD_MF-PreAuctionSp00fing_DL_20150512.csv.gz,LSECLS-Oid1,843386990092 ZBM6,,,broker 88,UBS,BBG_TRADEBOOK-LSECLSTrader,GUI-LSECLSTrader-12AB14-LSECLSSym,10540,,,,,,,,,,,MSG:OrderId: 84338699990134; orderType:LMT,,,,,,,,5.94E+17,,,,,,,,,,,,,,,
LSECLSSym,2015.05.12D16:58:00.001000000,LSECLS-Oid2,LMT,cancelled,S,1.23,0,,100,100,,LSECLSTrader,broker 89,12AB14,,LSE,COMM_EXCH,REF_BBG_PROD2,,,,2016.12.02,BBG_TRADEBOOK,5775018,,GFD,agency,2018.10.25D01:47:49.515855000,,,CNLSym,,,CNLSym,Comdty,BBG_TRADEBOOK-Comdty-FUT,,,100,,,,CCY1041,BBG_TRADEBOOK-USD,,,,cancelled,,,LSE,LSE,,BBG_TRADEBOOK,BBG_TRADEBOOK,BBG_ETD_MF-PreAuctionSp00fing_DL_20150512.csv.gz,LSECLS-Oid2,843386990092 ZBM6,,,broker 89,UBS,BBG_TRADEBOOK-LSECLSTrader,GUI-LSECLSTrader-12AB14-LSECLSSym,10540,,,,,,,,,,,MSG:OrderId: 84338699990134; orderType:LMT,,,,,,,,5.94E+17,,,,,,,,,,,,,,,
LSECLSSym,2015.05.12D16:58:00.002000000,LSECLS-Oid3,LMT,cancelled,S,1.23,0,,100,100,,LSECLSTrader,broker 90,12AB14,,LSE,COMM_EXCH,REF_BBG_PROD2,,,,2016.12.02,BBG_TRADEBOOK,5775018,,GFD,agency,2018.10.25D01:47:49.515855000,,,CNLSym,,,CNLSym,Comdty,BBG_TRADEBOOK-Comdty-FUT,,,100,,,,CCY1041,BBG_TRADEBOOK-USD,,,,cancelled,,,LSE,LSE,,BBG_TRADEBOOK,BBG_TRADEBOOK,BBG_ETD_MF-PreAuctionSp00fing_DL_20150512.csv.gz,LSECLS-Oid3,843386990092 ZBM6,,,broker 90,UBS,BBG_TRADEBOOK-LSECLSTrader,GUI-LSECLSTrader-12AB14-LSECLSSym,10540,,,,,,,,,,,MSG:OrderId: 84338699990134; orderType:LMT,,,,,,,,5.94E+17,,,,,,,,,,,,,,,
RPLCNLSym,2015.05.12D16:00:00.001000000,RPLCNL-Oid1,LMT,new,S,1.23,0,,100,100,,RPLCNLTrader,broker 60,12AB14,,GCBOT,COMM_EXCH,REF_BBG_PROD2,,,,2016.12.02,BBG_TRADEBOOK,5775018,,GFD,agency,2018.10.25D01:47:49.515855000,,,RPLCNLSym,,,RPLCNLSym,Comdty,BBG_TRADEBOOK-Comdty-FUT,,,100,,,,CCY1041,BBG_TRADEBOOK-USD,,,,new,,,GCBOT,GCBOT,,BBG_TRADEBOOK,BBG_TRADEBOOK,BBG_ETD_MF-PreAuctionSp00fing_DL_20150512.csv.gz,RPLCNL-Oid1,843386990092 ZBM6,,,broker 60,UBS,BBG_TRADEBOOK-RPLCNLTrader,GUI-RPLCNLTrader-12AB14-RPLCNLSym,10540,,,,,,,,,,,MSG:OrderId: 84338699990134; orderType:LMT,,,,,,,,5.94E+17,,,,,,,,,,,,,,,
RPLCNLSym,2015.05.12D16:00:00.001000000,RPLCNL-Oid1,LMT,replaced,S,1.23,0,,5000,5000,,RPLCNLTrader,broker 61,12AB14,,GCBOT,COMM_EXCH,REF_BBG_PROD2,,,,2016.12.02,BBG_TRADEBOOK,5775018,,GFD,agency,2018.10.25D01:47:49.515855000,,,RPLCNLSym,,,RPLCNLSym,Comdty,BBG_TRADEBOOK-Comdty-FUT,,,5000,,,,CCY1041,BBG_TRADEBOOK-USD,,,,replaced,,,GCBOT,GCBOT,,BBG_TRADEBOOK,BBG_TRADEBOOK,BBG_ETD_MF-PreAuctionSp00fing_DL_20150512.csv.gz,RPLCNL-Oid1,843386990092 ZBM6,,,broker 61,UBS,BBG_TRADEBOOK-RPLCNLTrader,GUI-RPLCNLTrader-12AB14-RPLCNLSym,10540,,,,,,,,,,,MSG:OrderId: 84338699990134; orderType:LMT,,,,,,,,5.94E+17,,,,,,,,,,,,,,,
RPLCNLSym,2015.05.12D16:00:00.002000000,RPLCNL-Oid2,LMT,new,S,1.23,0,,100,100,,RPLCNLTrader,broker 62,12AB14,,GCBOT,COMM_EXCH,REF_BBG_PROD2,,,,2016.12.02,BBG_TRADEBOOK,5775018,,GFD,agency,2018.10.25D01:47:49.515855000,,,RPLCNLSym,,,RPLCNLSym,Comdty,BBG_TRADEBOOK-Comdty-FUT,,,100,,,,CCY1041,BBG_TRADEBOOK-USD,,,,new,,,GCBOT,GCBOT,,BBG_TRADEBOOK,BBG_TRADEBOOK,BBG_ETD_MF-PreAuctionSp00fing_DL_20150512.csv.gz,RPLCNL-Oid2,843386990092 ZBM6,,,broker 62,UBS,BBG_TRADEBOOK-RPLCNLTrader,GUI-RPLCNLTrader-12AB14-RPLCNLSym,10540,,,,,,,,,,,MSG:OrderId: 84338699990134; orderType:LMT,,,,,,,,5.94E+17,,,,,,,,,,,,,,,
RPLCNLSym,2015.05.12D16:00:00.003000000,RPLCNL-Oid3,LMT,new,S,1.23,0,,100,100,,RPLCNLTrader,broker 63,12AB14,,GCBOT,COMM_EXCH,REF_BBG_PROD2,,,,2016.12.02,BBG_TRADEBOOK,5775018,,GFD,agency,2018.10.25D01:47:49.515855000,,,RPLCNLSym,,,RPLCNLSym,Comdty,BBG_TRADEBOOK-Comdty-FUT,,,100,,,,CCY1041,BBG_TRADEBOOK-USD,,,,new,,,GCBOT,GCBOT,,BBG_TRADEBOOK,BBG_TRADEBOOK,BBG_ETD_MF-PreAuctionSp00fing_DL_20150512.csv.gz,RPLCNL-Oid3,843386990092 ZBM6,,,broker 63,UBS,BBG_TRADEBOOK-RPLCNLTrader,GUI-RPLCNLTrader-12AB14-RPLCNLSym,10540,,,,,,,,,,,MSG:OrderId: 84338699990134; orderType:LMT,,,,,,,,5.94E+17,,,,,,,,,,,,,,,
RPLCNLSym,2015.05.12D16:00:00.004000000,RPLCNL-Oid4,LMT,new,S,1.23,0,,100,100,,RPLCNLTrader,broker 64,12AB14,,GCBOT,COMM_EXCH,REF_BBG_PROD2,,,,2016.12.02,BBG_TRADEBOOK,5775018,,GFD,agency,2018.10.25D01:47:49.515855000,,,RPLCNLSym,,,RPLCNLSym,Comdty,BBG_TRADEBOOK-Comdty-FUT,,,100,,,,CCY1041,BBG_TRADEBOOK-USD,,,,new,,,GCBOT,GCBOT,,BBG_TRADEBOOK,BBG_TRADEBOOK,BBG_ETD_MF-PreAuctionSp00fing_DL_20150512.csv.gz,RPLCNL-Oid4,843386990092 ZBM6,,,broker 64,UBS,BBG_TRADEBOOK-RPLCNLTrader,GUI-RPLCNLTrader-12AB14-RPLCNLSym,10540,,,,,,,,,,,MSG:OrderId: 84338699990134; orderType:LMT,,,,,,,,5.94E+17,,,,,,,,,,,,,,,
RPLCNLSym,2015.05.12D16:00:00.005000000,RPLCNL-Oid5,LMT,new,S,1.23,0,,100,100,,RPLCNLTrader,broker 65,12AB14,,GCBOT,COMM_EXCH,REF_BBG_PROD2,,,,2016.12.02,BBG_TRADEBOOK,5775018,,GFD,agency,2018.10.25D01:47:49.515855000,,,RPLCNLSym,,,RPLCNLSym,Comdty,BBG_TRADEBOOK-Comdty-FUT,,,100,,,,CCY1041,BBG_TRADEBOOK-USD,,,,new,,,GCBOT,GCBOT,,BBG_TRADEBOOK,BBG_TRADEBOOK,BBG_ETD_MF-PreAuctionSp00fing_DL_20150512.csv.gz,RPLCNL-Oid5,843386990092 ZBM6,,,broker 65,UBS,BBG_TRADEBOOK-RPLCNLTrader,GUI-RPLCNLTrader-12AB14-RPLCNLSym,10540,,,,,,,,,,,MSG:OrderId: 84338699990134; orderType:LMT,,,,,,,,5.94E+17,,,,,,,,,,,,,,,
RPLCNLSym,2015.05.12D16:00:00.006000000,RPLCNL-Oid6,LMT,new,S,1.23,0,,100,100,,RPLCNLTrader,broker 66,12AB14,,GCBOT,COMM_EXCH,REF_BBG_PROD2,,,,2016.12.02,BBG_TRADEBOOK,5775018,,GFD,agency,2018.10.25D01:47:49.515855000,,,RPLCNLSym,,,RPLCNLSym,Comdty,BBG_TRADEBOOK-Comdty-FUT,,,100,,,,CCY1041,BBG_TRADEBOOK-USD,,,,new,,,GCBOT,GCBOT,,BBG_TRADEBOOK,BBG_TRADEBOOK,BBG_ETD_MF-PreAuctionSp00fing_DL_20150512.csv.gz,RPLCNL-Oid6,843386990092 ZBM6,,,broker 66,UBS,BBG_TRADEBOOK-RPLCNLTrader,GUI-RPLCNLTrader-12AB14-RPLCNLSym,10540,,,,,,,,,,,MSG:OrderId: 84338699990134; orderType:LMT,,,,,,,,5.94E+17,,,,,,,,,,,,,,,
RPLCNLSym,2015.05.12D16:00:00.007000000,RPLCNL-Oid7,LMT,new,S,1.23,0,,100,100,,RPLCNLTrader,broker 67,12AB14,,GCBOT,COMM_EXCH,REF_BBG_PROD2,,,,2016.12.02,BBG_TRADEBOOK,5775018,,GFD,agency,2018.10.25D01:47:49.515855000,,,RPLCNLSym,,,RPLCNLSym,Comdty,BBG_TRADEBOOK-Comdty-FUT,,,100,,,,CCY1041,BBG_TRADEBOOK-USD,,,,new,,,GCBOT,GCBOT,,BBG_TRADEBOOK,BBG_TRADEBOOK,BBG_ETD_MF-PreAuctionSp00fing_DL_20150512.csv.gz,RPLCNL-Oid7,843386990092 ZBM6,,,broker 67,UBS,BBG_TRADEBOOK-RPLCNLTrader,GUI-RPLCNLTrader-12AB14-RPLCNLSym,10540,,,,,,,,,,,MSG:OrderId: 84338699990134; orderType:LMT,,,,,,,,5.94E+17,,,,,,,,,,,,,,,
RPLCNLSym,2015.05.12D16:00:00.008000000,RPLCNL-Oid8,LMT,new,S,1.23,0,,100,100,,RPLCNLTrader,broker 68,12AB14,,GCBOT,COMM_EXCH,REF_BBG_PROD2,,,,2016.12.02,BBG_TRADEBOOK,5775018,,GFD,agency,2018.10.25D01:47:49.515855000,,,RPLCNLSym,,,RPLCNLSym,Comdty,BBG_TRADEBOOK-Comdty-FUT,,,100,,,,CCY1041,BBG_TRADEBOOK-USD,,,,new,,,GCBOT,GCBOT,,BBG_TRADEBOOK,BBG_TRADEBOOK,BBG_ETD_MF-PreAuctionSp00fing_DL_20150512.csv.gz,RPLCNL-Oid8,843386990092 ZBM6,,,broker 68,UBS,BBG_TRADEBOOK-RPLCNLTrader,GUI-RPLCNLTrader-12AB14-RPLCNLSym,10540,,,,,,,,,,,MSG:OrderId: 84338699990134; orderType:LMT,,,,,,,,5.94E+17,,,,,,,,,,,,,,,
RPLCNLSym,2015.05.12D16:00:00.009000000,RPLCNL-Oid9,LMT,new,S,1.23,0,,100,100,,RPLCNLTrader,broker 69,12AB14,,GCBOT,COMM_EXCH,REF_BBG_PROD2,,,,2016.12.02,BBG_TRADEBOOK,5775018,,GFD,agency,2018.10.25D01:47:49.515855000,,,RPLCNLSym,,,RPLCNLSym,Comdty,BBG_TRADEBOOK-Comdty-FUT,,,100,,,,CCY1041,BBG_TRADEBOOK-USD,,,,new,,,GCBOT,GCBOT,,BBG_TRADEBOOK,BBG_TRADEBOOK,BBG_ETD_MF-PreAuctionSp00fing_DL_20150512.csv.gz,RPLCNL-Oid9,843386990092 ZBM6,,,broker 69,UBS,BBG_TRADEBOOK-RPLCNLTrader,GUI-RPLCNLTrader-12AB14-RPLCNLSym,10540,,,,,,,,,,,MSG:OrderId: 84338699990134; orderType:LMT,,,,,,,,5.94E+17,,,,,,,,,,,,,,,
RPLCNLSym,2015.05.12D16:00:00.010000000,RPLCNL-Oid10,LMT,new,S,1.23,0,,100,100,,RPLCNLTrader,broker 70,12AB14,,GCBOT,COMM_EXCH,REF_BBG_PROD2,,,,2016.12.02,BBG_TRADEBOOK,5775018,,GFD,agency,2018.10.25D01:47:49.515855000,,,RPLCNLSym,,,RPLCNLSym,Comdty,BBG_TRADEBOOK-Comdty-FUT,,,100,,,,CCY1041,BBG_TRADEBOOK-USD,,,,new,,,GCBOT,GCBOT,,BBG_TRADEBOOK,BBG_TRADEBOOK,BBG_ETD_MF-PreAuctionSp00fing_DL_20150512.csv.gz,RPLCNL-Oid10,843386990092 ZBM6,,,broker 70,UBS,BBG_TRADEBOOK-RPLCNLTrader,GUI-RPLCNLTrader-12AB14-RPLCNLSym,10540,,,,,,,,,,,MSG:OrderId: 84338699990134; orderType:LMT,,,,,,,,5.94E+17,,,,,,,,,,,,,,,
RPLCNLSym,2015.05.12D16:17:59.999000000,RPLCNL-Oid4,LMT,replaced,S,1.23,0,,100,100,,RPLCNLTrader,broker 61,12AB14,,GCBOT,COMM_EXCH,REF_BBG_PROD2,,,,2016.12.02,BBG_TRADEBOOK,5775018,,GFD,agency,2018.10.25D01:47:49.515855000,,,RPLCNLSym,,,RPLCNLSym,Comdty,BBG_TRADEBOOK-Comdty-FUT,,,50000,,,,CCY1041,BBG_TRADEBOOK-USD,,,,replaced,,,GCBOT,GCBOT,,BBG_TRADEBOOK,BBG_TRADEBOOK,BBG_ETD_MF-PreAuctionSp00fing_DL_20150512.csv.gz,RPLCNL-Oid4,843386990092 ZBM6,,,broker 61,UBS,BBG_TRADEBOOK-RPLCNLTrader,GUI-RPLCNLTrader-12AB14-RPLCNLSym,10540,,,,,,,,,,,MSG:OrderId: 84338699990134; orderType:LMT,,,,,,,,5.94E+17,,,,,,,,,,,,,,,
RPLCNLSym,2015.05.12D16:18:00.000000000,RPLCNL-Oid1,LMT,cancelled,S,1.23,0,,5000,5000,,RPLCNLTrader,broker 71,12AB14,,GCBOT,COMM_EXCH,REF_BBG_PROD2,,,,2016.12.02,BBG_TRADEBOOK,5775018,,GFD,agency,2018.10.25D01:47:49.515855000,,,RPLCNLSym,,,RPLCNLSym,Comdty,BBG_TRADEBOOK-Comdty-FUT,,,5000,,,,CCY1041,BBG_TRADEBOOK-USD,,,,cancelled,,,GCBOT,GCBOT,,BBG_TRADEBOOK,BBG_TRADEBOOK,BBG_ETD_MF-PreAuctionSp00fing_DL_20150512.csv.gz,RPLCNL-Oid1,843386990092 ZBM6,,,broker 71,UBS,BBG_TRADEBOOK-RPLCNLTrader,GUI-RPLCNLTrader-12AB14-RPLCNLSym,10540,,,,,,,,,,,MSG:OrderId: 84338699990134; orderType:LMT,,,,,,,,5.94E+17,,,,,,,,,,,,,,,
RPLCNLSym,2015.05.12D16:18:00.001000000,RPLCNL-Oid2,LMT,replaced,S,1.23,0,,10000,10000,,RPLCNLTrader,broker 72,12AB14,,GCBOT,COMM_EXCH,REF_BBG_PROD2,,,,2016.12.02,BBG_TRADEBOOK,5775018,,GFD,agency,2018.10.25D01:47:49.515855000,,,RPLCNLSym,,,RPLCNLSym,Comdty,BBG_TRADEBOOK-Comdty-FUT,,,10000,,,,CCY1041,BBG_TRADEBOOK-USD,,,,replaced,,,GCBOT,GCBOT,,BBG_TRADEBOOK,BBG_TRADEBOOK,BBG_ETD_MF-PreAuctionSp00fing_DL_20150512.csv.gz,RPLCNL-Oid2,843386990092 ZBM6,,,broker 72,UBS,BBG_TRADEBOOK-RPLCNLTrader,GUI-RPLCNLTrader-12AB14-RPLCNLSym,10540,,,,,,,,,,,MSG:OrderId: 84338699990134; orderType:LMT,,,,,,,,5.94E+17,,,,,,,,,,,,,,,
RPLCNLSym,2015.05.12D16:18:00.002000000,RPLCNL-Oid2,LMT,cancelled,S,1.23,0,,10000,10000,,RPLCNLTrader,broker 73,12AB14,,GCBOT,COMM_EXCH,REF_BBG_PROD2,,,,2016.12.02,BBG_TRADEBOOK,5775018,,GFD,agency,2018.10.25D01:47:49.515855000,,,RPLCNLSym,,,RPLCNLSym,Comdty,BBG_TRADEBOOK-Comdty-FUT,,,10000,,,,CCY1041,BBG_TRADEBOOK-USD,,,,cancelled,,,GCBOT,GCBOT,,BBG_TRADEBOOK,BBG_TRADEBOOK,BBG_ETD_MF-PreAuctionSp00fing_DL_20150512.csv.gz,RPLCNL-Oid2,843386990092 ZBM6,,,broker 73,UBS,BBG_TRADEBOOK-RPLCNLTrader,GUI-RPLCNLTrader-12AB14-RPLCNLSym,10540,,,,,,,,,,,MSG:OrderId: 84338699990134; orderType:LMT,,,,,,,,5.94E+17,,,,,,,,,,,,,,,
RPLCNLSym,2015.05.12D16:18:00.002000000,RPLCNL-Oid3,LMT,replaced,S,1.23,0,,5000,5000,,RPLCNLTrader,broker 74,12AB14,,GCBOT,COMM_EXCH,REF_BBG_PROD2,,,,2016.12.02,BBG_TRADEBOOK,5775018,,GFD,agency,2018.10.25D01:47:49.515855000,,,RPLCNLSym,,,RPLCNLSym,Comdty,BBG_TRADEBOOK-Comdty-FUT,,,5000,,,,CCY1041,BBG_TRADEBOOK-USD,,,,replaced,,,GCBOT,GCBOT,,BBG_TRADEBOOK,BBG_TRADEBOOK,BBG_ETD_MF-PreAuctionSp00fing_DL_20150512.csv.gz,RPLCNL-Oid3,843386990092 ZBM6,,,broker 74,UBS,BBG_TRADEBOOK-RPLCNLTrader,GUI-RPLCNLTrader-12AB14-RPLCNLSym,10540,,,,,,,,,,,MSG:OrderId: 84338699990134; orderType:LMT,,,,,,,,5.94E+17,,,,,,,,,,,,,,,
RPLCNLSym,2015.05.12D16:18:00.002000000,RPLCNL-Oid3,LMT,replaced,S,1.23,0,,10000,10000,,RPLCNLTrader,broker 75,12AB14,,GCBOT,COMM_EXCH,REF_BBG_PROD2,,,,2016.12.02,BBG_TRADEBOOK,5775018,,GFD,agency,2018.10.25D01:47:49.515855000,,,RPLCNLSym,,,RPLCNLSym,Comdty,BBG_TRADEBOOK-Comdty-FUT,,,10000,,,,CCY1041,BBG_TRADEBOOK-USD,,,,replaced,,,GCBOT,GCBOT,,BBG_TRADEBOOK,BBG_TRADEBOOK,BBG_ETD_MF-PreAuctionSp00fing_DL_20150512.csv.gz,RPLCNL-Oid3,843386990092 ZBM6,,,broker 75,UBS,BBG_TRADEBOOK-RPLCNLTrader,GUI-RPLCNLTrader-12AB14-RPLCNLSym,10540,,,,,,,,,,,MSG:OrderId: 84338699990134; orderType:LMT,,,,,,,,5.94E+17,,,,,,,,,,,,,,,
RPLSym,2015.05.12D16:00:00.001000000,RPL-Oid1,LMT,new,S,1.23,0,,100,100,,RPLTrader,broker 47,12AB14,,GCBOT,COMM_EXCH,REF_BBG_PROD2,,,,2016.12.02,BBG_TRADEBOOK,5775018,,GFD,agency,2018.10.25D01:47:49.515855000,,,RPLSym,,,RPLSym,Comdty,BBG_TRADEBOOK-Comdty-FUT,,,100,,,,CCY1041,BBG_TRADEBOOK-USD,,,,new,,,GCBOT,GCBOT,,BBG_TRADEBOOK,BBG_TRADEBOOK,BBG_ETD_MF-PreAuctionSp00fing_DL_20150512.csv.gz,RPL-Oid1,843386990092 ZBM6,,,broker 47,UBS,BBG_TRADEBOOK-RPLTrader,GUI-RPLTrader-12AB14-RPLSym,10540,,,,,,,,,,,MSG:OrderId: 84338699990134; orderType:LMT,,,,,,,,5.94E+17,,,,,,,,,,,,,,,
RPLSym,2015.05.12D16:00:00.002000000,RPL-Oid2,LMT,new,S,1.23,0,,100,100,,RPLTrader,broker 48,12AB14,,GCBOT,COMM_EXCH,REF_BBG_PROD2,,,,2016.12.02,BBG_TRADEBOOK,5775018,,GFD,agency,2018.10.25D01:47:49.515855000,,,RPLSym,,,RPLSym,Comdty,BBG_TRADEBOOK-Comdty-FUT,,,100,,,,CCY1041,BBG_TRADEBOOK-USD,,,,new,,,GCBOT,GCBOT,,BBG_TRADEBOOK,BBG_TRADEBOOK,BBG_ETD_MF-PreAuctionSp00fing_DL_20150512.csv.gz,RPL-Oid2,843386990092 ZBM6,,,broker 48,UBS,BBG_TRADEBOOK-RPLTrader,GUI-RPLTrader-12AB14-RPLSym,10540,,,,,,,,,,,MSG:OrderId: 84338699990134; orderType:LMT,,,,,,,,5.94E+17,,,,,,,,,,,,,,,
RPLSym,2015.05.12D16:00:00.003000000,RPL-Oid3,LMT,new,S,1.23,0,,100,100,,RPLTrader,broker 49,12AB14,,GCBOT,COMM_EXCH,REF_BBG_PROD2,,,,2016.12.02,BBG_TRADEBOOK,5775018,,GFD,agency,2018.10.25D01:47:49.515855000,,,RPLSym,,,RPLSym,Comdty,BBG_TRADEBOOK-Comdty-FUT,,,100,,,,CCY1041,BBG_TRADEBOOK-USD,,,,new,,,GCBOT,GCBOT,,BBG_TRADEBOOK,BBG_TRADEBOOK,BBG_ETD_MF-PreAuctionSp00fing_DL_20150512.csv.gz,RPL-Oid3,843386990092 ZBM6,,,broker 49,UBS,BBG_TRADEBOOK-RPLTrader,GUI-RPLTrader-12AB14-RPLSym,10540,,,,,,,,,,,MSG:OrderId: 84338699990134; orderType:LMT,,,,,,,,5.94E+17,,,,,,,,,,,,,,,
RPLSym,2015.05.12D16:00:00.004000000,RPL-Oid4,LMT,new,S,1.23,0,,100,100,,RPLTrader,broker 50,12AB14,,GCBOT,COMM_EXCH,REF_BBG_PROD2,,,,2016.12.02,BBG_TRADEBOOK,5775018,,GFD,agency,2018.10.25D01:47:49.515855000,,,RPLSym,,,RPLSym,Comdty,BBG_TRADEBOOK-Comdty-FUT,,,100,,,,CCY1041,BBG_TRADEBOOK-USD,,,,new,,,GCBOT,GCBOT,,BBG_TRADEBOOK,BBG_TRADEBOOK,BBG_ETD_MF-PreAuctionSp00fing_DL_20150512.csv.gz,RPL-Oid4,843386990092 ZBM6,,,broker 50,UBS,BBG_TRADEBOOK-RPLTrader,GUI-RPLTrader-12AB14-RPLSym,10540,,,,,,,,,,,MSG:OrderId: 84338699990134; orderType:LMT,,,,,,,,5.94E+17,,,,,,,,,,,,,,,
RPLSym,2015.05.12D16:00:00.005000000,RPL-Oid5,LMT,new,S,1.23,0,,100,100,,RPLTrader,broker 51,12AB14,,GCBOT,COMM_EXCH,REF_BBG_PROD2,,,,2016.12.02,BBG_TRADEBOOK,5775018,,GFD,agency,2018.10.25D01:47:49.515855000,,,RPLSym,,,RPLSym,Comdty,BBG_TRADEBOOK-Comdty-FUT,,,100,,,,CCY1041,BBG_TRADEBOOK-USD,,,,new,,,GCBOT,GCBOT,,BBG_TRADEBOOK,BBG_TRADEBOOK,BBG_ETD_MF-PreAuctionSp00fing_DL_20150512.csv.gz,RPL-Oid5,843386990092 ZBM6,,,broker 51,UBS,BBG_TRADEBOOK-RPLTrader,GUI-RPLTrader-12AB14-RPLSym,10540,,,,,,,,,,,MSG:OrderId: 84338699990134; orderType:LMT,,,,,,,,5.94E+17,,,,,,,,,,,,,,,
RPLSym,2015.05.12D16:00:00.006000000,RPL-Oid6,LMT,new,S,1.23,0,,100,100,,RPLTrader,broker 52,12AB14,,GCBOT,COMM_EXCH,REF_BBG_PROD2,,,,2016.12.02,BBG_TRADEBOOK,5775018,,GFD,agency,2018.10.25D01:47:49.515855000,,,RPLSym,,,RPLSym,Comdty,BBG_TRADEBOOK-Comdty-FUT,,,100,,,,CCY1041,BBG_TRADEBOOK-USD,,,,new,,,GCBOT,GCBOT,,BBG_TRADEBOOK,BBG_TRADEBOOK,BBG_ETD_MF-PreAuctionSp00fing_DL_20150512.csv.gz,RPL-Oid6,843386990092 ZBM6,,,broker 52,UBS,BBG_TRADEBOOK-RPLTrader,GUI-RPLTrader-12AB14-RPLSym,10540,,,,,,,,,,,MSG:OrderId: 84338699990134; orderType:LMT,,,,,,,,5.94E+17,,,,,,,,,,,,,,,
RPLSym,2015.05.12D16:00:00.007000000,RPL-Oid7,LMT,new,S,1.23,0,,100,100,,RPLTrader,broker 53,12AB14,,GCBOT,COMM_EXCH,REF_BBG_PROD2,,,,2016.12.02,BBG_TRADEBOOK,5775018,,GFD,agency,2018.10.25D01:47:49.515855000,,,RPLSym,,,RPLSym,Comdty,BBG_TRADEBOOK-Comdty-FUT,,,100,,,,CCY1041,BBG_TRADEBOOK-USD,,,,new,,,GCBOT,GCBOT,,BBG_TRADEBOOK,BBG_TRADEBOOK,BBG_ETD_MF-PreAuctionSp00fing_DL_20150512.csv.gz,RPL-Oid7,843386990092 ZBM6,,,broker 53,UBS,BBG_TRADEBOOK-RPLTrader,GUI-RPLTrader-12AB14-RPLSym,10540,,,,,,,,,,,MSG:OrderId: 84338699990134; orderType:LMT,,,,,,,,5.94E+17,,,,,,,,,,,,,,,
RPLSym,2015.05.12D16:00:00.008000000,RPL-Oid8,LMT,new,S,1.23,0,,100,100,,RPLTrader,broker 54,12AB14,,GCBOT,COMM_EXCH,REF_BBG_PROD2,,,,2016.12.02,BBG_TRADEBOOK,5775018,,GFD,agency,2018.10.25D01:47:49.515855000,,,RPLSym,,,RPLSym,Comdty,BBG_TRADEBOOK-Comdty-FUT,,,100,,,,CCY1041,BBG_TRADEBOOK-USD,,,,new,,,GCBOT,GCBOT,,BBG_TRADEBOOK,BBG_TRADEBOOK,BBG_ETD_MF-PreAuctionSp00fing_DL_20150512.csv.gz,RPL-Oid8,843386990092 ZBM6,,,broker 54,UBS,BBG_TRADEBOOK-RPLTrader,GUI-RPLTrader-12AB14-RPLSym,10540,,,,,,,,,,,MSG:OrderId: 84338699990134; orderType:LMT,,,,,,,,5.94E+17,,,,,,,,,,,,,,,
RPLSym,2015.05.12D16:00:00.009000000,RPL-Oid9,LMT,new,S,1.23,0,,100,100,,RPLTrader,broker 55,12AB14,,GCBOT,COMM_EXCH,REF_BBG_PROD2,,,,2016.12.02,BBG_TRADEBOOK,5775018,,GFD,agency,2018.10.25D01:47:49.515855000,,,RPLSym,,,RPLSym,Comdty,BBG_TRADEBOOK-Comdty-FUT,,,100,,,,CCY1041,BBG_TRADEBOOK-USD,,,,new,,,GCBOT,GCBOT,,BBG_TRADEBOOK,BBG_TRADEBOOK,BBG_ETD_MF-PreAuctionSp00fing_DL_20150512.csv.gz,RPL-Oid9,843386990092 ZBM6,,,broker 55,UBS,BBG_TRADEBOOK-RPLTrader,GUI-RPLTrader-12AB14-RPLSym,10540,,,,,,,,,,,MSG:OrderId: 84338699990134; orderType:LMT,,,,,,,,5.94E+17,,,,,,,,,,,,,,,
RPLSym,2015.05.12D16:00:00.010000000,RPL-Oid10,LMT,new,S,1.23,0,,100,100,,RPLTrader,broker 56,12AB14,,GCBOT,COMM_EXCH,REF_BBG_PROD2,,,,2016.12.02,BBG_TRADEBOOK,5775018,,GFD,agency,2018.10.25D01:47:49.515855000,,,RPLSym,,,RPLSym,Comdty,BBG_TRADEBOOK-Comdty-FUT,,,100,,,,CCY1041,BBG_TRADEBOOK-USD,,,,new,,,GCBOT,GCBOT,,BBG_TRADEBOOK,BBG_TRADEBOOK,BBG_ETD_MF-PreAuctionSp00fing_DL_20150512.csv.gz,RPL-Oid10,843386990092 ZBM6,,,broker 56,UBS,BBG_TRADEBOOK-RPLTrader,GUI-RPLTrader-12AB14-RPLSym,10540,,,,,,,,,,,MSG:OrderId: 84338699990134; orderType:LMT,,,,,,,,5.94E+17,,,,,,,,,,,,,,,
RPLSym,2015.05.12D16:18:00.000000000,RPL-Oid1,LMT,replaced,S,1.23,0,,10000,10000,,RPLTrader,broker 57,12AB14,,GCBOT,COMM_EXCH,REF_BBG_PROD2,,,,2016.12.02,BBG_TRADEBOOK,5775018,,GFD,agency,2018.10.25D01:47:49.515855000,,,RPLSym,,,RPLSym,Comdty,BBG_TRADEBOOK-Comdty-FUT,,,10000,,,,CCY1041,BBG_TRADEBOOK-USD,,,,replaced,,,GCBOT,GCBOT,,BBG_TRADEBOOK,BBG_TRADEBOOK,BBG_ETD_MF-PreAuctionSp00fing_DL_20150512.csv.gz,RPL-Oid1,843386990092 ZBM6,,,broker 57,UBS,BBG_TRADEBOOK-RPLTrader,GUI-RPLTrader-12AB14-RPLSym,10540,,,,,,,,,,,MSG:OrderId: 84338699990134; orderType:LMT,,,,,,,,5.94E+17,,,,,,,,,,,,,,,
RPLSym,2015.05.12D16:18:00.001000000,RPL-Oid2,LMT,replaced,S,1.23,0,,10000,10000,,RPLTrader,broker 58,12AB14,,GCBOT,COMM_EXCH,REF_BBG_PROD2,,,,2016.12.02,BBG_TRADEBOOK,5775018,,GFD,agency,2018.10.25D01:47:49.515855000,,,RPLSym,,,RPLSym,Comdty,BBG_TRADEBOOK-Comdty-FUT,,,10000,,,,CCY1041,BBG_TRADEBOOK-USD,,,,replaced,,,GCBOT,GCBOT,,BBG_TRADEBOOK,BBG_TRADEBOOK,BBG_ETD_MF-PreAuctionSp00fing_DL_20150512.csv.gz,RPL-Oid2,843386990092 ZBM6,,,broker 58,UBS,BBG_TRADEBOOK-RPLTrader,GUI-RPLTrader-12AB14-RPLSym,10540,,,,,,,,,,,MSG:OrderId: 84338699990134; orderType:LMT,,,,,,,,5.94E+17,,,,,,,,,,,,,,,
RPLSym,2015.05.12D16:18:00.002000000,RPL-Oid3,LMT,replaced,S,1.23,0,,10000,10000,,RPLTrader,broker 59,12AB14,,GCBOT,COMM_EXCH,REF_BBG_PROD2,,,,2016.12.02,BBG_TRADEBOOK,5775018,,GFD,agency,2018.10.25D01:47:49.515855000,,,RPLSym,,,RPLSym,Comdty,BBG_TRADEBOOK-Comdty-FUT,,,10000,,,,CCY1041,BBG_TRADEBOOK-USD,,,,replaced,,,GCBOT,GCBOT,,BBG_TRADEBOOK,BBG_TRADEBOOK,BBG_ETD_MF-PreAuctionSp00fing_DL_20150512.csv.gz,RPL-Oid3,843386990092 ZBM6,,,broker 59,UBS,BBG_TRADEBOOK-RPLTrader,GUI-RPLTrader-12AB14-RPLSym,10540,,,,,,,,,,,MSG:OrderId: 84338699990134; orderType:LMT,,,,,,,,5.94E+17,,,,,,,,,,,,,,,
USM6,2015.05.12D09:00:00.002000000,PAS/20160407/5775009,LMT,new,S,165.875,0,,100,100,,REF_FDTrader88,1,12AB14,,GCBOT,COMM_EXCH,REF_BBG_PROD2,,,,2016.12.02,BBG_TRADEBOOK,5775010,,GFD,agency,2018.10.25D01:47:49.515855000,,,noKeyForUSM6,,,noKeyForUSM6,Comdty,BBG_TRADEBOOK-Comdty-FUT,,,100,,,,CCY1041,BBG_TRADEBOOK-USD,,,,new,,,GCBOT,GCBOT,,BBG_TRADEBOOK,BBG_TRADEBOOK,BBG_ETD_MF-PreAuctionSp00fing_DL_20150512.csv.gz,3980/20160407/5775010/2,843386990092 ZBM6,,,1,UBS,BBG_TRADEBOOK-FDTrader88,GUI-FDTrader88-12AB14-USM6,10540,,,,,,,,,,,MSG:OrderId: 84338699990134; orderType:LMT,,,,,,,,5.94E+17,,,,,,,,,,,,,,,
USM6,2015.05.12D09:00:00.002000000,PAS/20160407/5775010,LMT,new,S,165.875,0,,100,100,,REF_FDTrader89,1,12AB14,,GCBOT,COMM_EXCH,REF_BBG_PROD2,,,,2016.12.02,BBG_TRADEBOOK,5775010,,GFD,agency,2018.10.25D01:47:49.515855000,,,noKeyForUSM6,,,noKeyForUSM6,Comdty,BBG_TRADEBOOK-Comdty-FUT,,,100,,,,CCY1041,BBG_TRADEBOOK-USD,,,,new,,,GCBOT,GCBOT,,BBG_TRADEBOOK,BBG_TRADEBOOK,BBG_ETD_MF-PreAuctionSp00fing_DL_20150512.csv.gz,3980/20160407/5775010/2,843386990092 ZBM6,,,1,UBS,BBG_TRADEBOOK-FDTrader89,GUI-FDTrader89-12AB14-USM6,10540,,,,,,,,,,,MSG:OrderId: 84338699990134; orderType:LMT,,,,,,,,5.94E+17,,,,,,,,,,,,,,,
USM6,2015.05.12D09:00:00.002000000,PAS/20160407/5775011,LMT,new,S,165.875,0,,75,75,,REF_FDTrader88,1,12AB14,,GCBOT,COMM_EXCH,REF_BBG_PROD2,,,,2016.12.02,BBG_TRADEBOOK,5775011,,GFD,agency,2018.10.25D01:47:49.515855000,,,noKeyForUSM6,,,noKeyForUSM6,Comdty,BBG_TRADEBOOK-Comdty-FUT,,,75,,,,CCY1041,BBG_TRADEBOOK-USD,,,,new,,,GCBOT,GCBOT,,BBG_TRADEBOOK,BBG_TRADEBOOK,BBG_ETD_MF-PreAuctionSp00fing_DL_20150512.csv.gz,3980/20160407/5775010/2,843386990092 ZBM6,,,1,UBS,BBG_TRADEBOOK-FDTrader88,GUI-FDTrader88-12AB14-USM6,10540,,,,,,,,,,,MSG:OrderId: 84338699990134; orderType:LMT,,,,,,,,5.94E+17,,,,,,,,,,,,,,,
USM6,2015.05.12D09:00:00.002000000,PAS/20160407/5775012,LMT,new,S,165.875,0,,50,50,,REF_FDTrader89,1,12AB14,,GCBOT,COMM_EXCH,REF_BBG_PROD2,,,,2016.12.02,BBG_TRADEBOOK,5775012,,GFD,agency,2018.10.25D01:47:49.515855000,,,noKeyForUSM6,,,noKeyForUSM6,Comdty,BBG_TRADEBOOK-Comdty-FUT,,,50,,,,CCY1041,BBG_TRADEBOOK-USD,,,,new,,,GCBOT,GCBOT,,BBG_TRADEBOOK,BBG_TRADEBOOK,BBG_ETD_MF-PreAuctionSp00fing_DL_20150512.csv.gz,3980/20160407/5775010/2,843386990092 ZBM6,,,1,UBS,BBG_TRADEBOOK-FDTrader89,GUI-FDTrader89-12AB14-USM6,10540,,,,,,,,,,,MSG:OrderId: 84338699990134; orderType:LMT,,,,,,,,5.94E+17,,,,,,,,,,,,,,,
USM6,2015.05.12D09:00:00.002000000,PAS/20160407/5775013,LMT,new,S,165.875,0,,25,25,,REF_FDTrader88,1,12AB14,,GCBOT,COMM_EXCH,REF_BBG_PROD2,,,,2016.12.02,BBG_TRADEBOOK,5775013,,GFD,agency,2018.10.25D01:47:49.515855000,,,noKeyForUSM6,,,noKeyForUSM6,Comdty,BBG_TRADEBOOK-Comdty-FUT,,,25,,,,CCY1041,BBG_TRADEBOOK-USD,,,,new,,,GCBOT,GCBOT,,BBG_TRADEBOOK,BBG_TRADEBOOK,BBG_ETD_MF-PreAuctionSp00fing_DL_20150512.csv.gz,3980/20160407/5775010/2,843386990092 ZBM6,,,1,UBS,BBG_TRADEBOOK-FDTrader88,GUI-FDTrader88-12AB14-USM6,10540,,,,,,,,,,,MSG:OrderId: 84338699990134; orderType:LMT,,,,,,,,5.94E+17,,,,,,,,,,,,,,,
USM6,2015.05.12D09:24:23.000000000,PAS/20160407/5775010,LMT,cancelled,S,165.875,0,,100,100,,REF_FDTrader89,1,12AB14,,GCBOT,COMM_EXCH,REF_BBG_PROD2,,,,2016.12.02,BBG_TRADEBOOK,5775010,,GFD,agency,2018.10.25D01:47:49.515855000,,,noKeyForUSM6,,,noKeyForUSM6,Comdty,BBG_TRADEBOOK-Comdty-FUT,,,100,,,,CCY1041,BBG_TRADEBOOK-USD,,,,cancelled,,,GCBOT,GCBOT,,BBG_TRADEBOOK,BBG_TRADEBOOK,BBG_ETD_MF-PreAuctionSp00fing_DL_20150512.csv.gz,3980/20160407/5775010/4,843386990092 ZBM6,,,1,UBS,BBG_TRADEBOOK-FDTrader89,GUI-FDTrader89-12AB14-USM6,10540,,,,,,,,,,,MSG:OrderId: 84338699990134; orderType:LMT,,,,,,,,5.94E+17,,,,,,,,,,,,,,,
USM6,2015.05.12D09:24:23.000000000,PAS/20160407/5775011,LMT,cancelled,S,165.875,0,,75,75,,REF_FDTrader88,1,12AB14,,GCBOT,COMM_EXCH,REF_BBG_PROD2,,,,2016.12.02,BBG_TRADEBOOK,5775011,,GFD,agency,2018.10.25D01:47:49.515855000,,,noKeyForUSM6,,,noKeyForUSM6,Comdty,BBG_TRADEBOOK-Comdty-FUT,,,75,,,,CCY1041,BBG_TRADEBOOK-USD,,,,cancelled,,,GCBOT,GCBOT,,BBG_TRADEBOOK,BBG_TRADEBOOK,BBG_ETD_MF-PreAuctionSp00fing_DL_20150512.csv.gz,3980/20160407/5775010/4,843386990092 ZBM6,,,1,UBS,BBG_TRADEBOOK-FDTrader88,GUI-FDTrader88-12AB14-USM6,10540,,,,,,,,,,,MSG:OrderId: 84338699990134; orderType:LMT,,,,,,,,5.94E+17,,,,,,,,,,,,,,,
USM6,2015.05.12D09:24:23.000000000,PAS/20160407/5775012,LMT,cancelled,S,165.875,0,,50,50,,REF_FDTrader89,1,12AB14,,GCBOT,COMM_EXCH,REF_BBG_PROD2,,,,2016.12.02,BBG_TRADEBOOK,5775012,,GFD,agency,2018.10.25D01:47:49.515855000,,,noKeyForUSM6,,,noKeyForUSM6,Comdty,BBG_TRADEBOOK-Comdty-FUT,,,50,,,,CCY1041,BBG_TRADEBOOK-USD,,,,cancelled,,,GCBOT,GCBOT,,BBG_TRADEBOOK,BBG_TRADEBOOK,BBG_ETD_MF-PreAuctionSp00fing_DL_20150512.csv.gz,3980/20160407/5775010/4,843386990092 ZBM6,,,1,UBS,BBG_TRADEBOOK-FDTrader89,GUI-FDTrader89-12AB14-USM6,10540,,,,,,,,,,,MSG:OrderId: 84338699990134; orderType:LMT,,,,,,,,5.94E+17,,,,,,,,,,,,,,,
USM6,2015.05.12D09:24:23.000000000,PAS/20160407/5775013,LMT,cancelled,S,165.875,0,,25,25,,REF_FDTrader88,1,12AB14,,GCBOT,COMM_EXCH,REF_BBG_PROD2,,,,2016.12.02,BBG_TRADEBOOK,5775013,,GFD,agency,2018.10.25D01:47:49.515855000,,,noKeyForUSM6,,,noKeyForUSM6,Comdty,BBG_TRADEBOOK-Comdty-FUT,,,25,,,,CCY1041,BBG_TRADEBOOK-USD,,,,cancelled,,,GCBOT,GCBOT,,BBG_TRADEBOOK,BBG_TRADEBOOK,BBG_ETD_MF-PreAuctionSp00fing_DL_20150512.csv.gz,3980/20160407/5775010/4,843386990092 ZBM6,,,1,UBS,BBG_TRADEBOOK-FDTrader88,GUI-FDTrader88-12AB14-USM6,10540,,,,,,,,,,,MSG:OrderId: 84338699990134; orderType:LMT,,,,,,,,5.94E+17,,,,,,,,,,,,,,,
XYZ,2015.05.12D16:40:00.001000000,LSECLS-OR-Oid1,LMT,new,S,1.23,0,,100,100,,LSECLS-OR-Trader,broker 91,12AB14,,LSE,COMM_EXCH,REF_BBG_PROD2,,,,2016.12.02,BBG_TRADEBOOK,5775018,,GFD,agency,2018.10.25D01:47:49.515855000,,,XYZ,,,XYZ,Comdty,BBG_TRADEBOOK-Comdty-FUT,,,100,,,,CCY1041,BBG_TRADEBOOK-USD,,,,new,,,LSE,LSE,,BBG_TRADEBOOK,BBG_TRADEBOOK,BBG_ETD_MF-PreAuctionSp00fing_DL_20150512.csv.gz,LSECLS-OR-Oid1,843386990092 ZBM6,,,broker 91,UBS,BBG_TRADEBOOK-LSECLS-OR-Trader,GUI-LSECLS-OR-Trader-12AB14-XYZ,10540,,,,,,,,,,,MSG:OrderId: 84338699990134; orderType:LMT,,,,,,,,5.94E+17,,,,,,,,,,,,,,,
XYZ,2015.05.12D16:40:00.002000000,LSECLS-OR-Oid2,LMT,new,S,1.23,0,,100,100,,LSECLS-OR-Trader,broker 92,12AB14,,LSE,COMM_EXCH,REF_BBG_PROD2,,,,2016.12.02,BBG_TRADEBOOK,5775018,,GFD,agency,2018.10.25D01:47:49.515855000,,,XYZ,,,XYZ,Comdty,BBG_TRADEBOOK-Comdty-FUT,,,100,,,,CCY1041,BBG_TRADEBOOK-USD,,,,new,,,LSE,LSE,,BBG_TRADEBOOK,BBG_TRADEBOOK,BBG_ETD_MF-PreAuctionSp00fing_DL_20150512.csv.gz,LSECLS-OR-Oid2,843386990092 ZBM6,,,broker 92,UBS,BBG_TRADEBOOK-LSECLS-OR-Trader,GUI-LSECLS-OR-Trader-12AB14-XYZ,10540,,,,,,,,,,,MSG:OrderId: 84338699990134; orderType:LMT,,,,,,,,5.94E+17,,,,,,,,,,,,,,,
XYZ,2015.05.12D16:40:00.003000000,LSECLS-OR-Oid3,LMT,new,S,1.23,0,,100,100,,LSECLS-OR-Trader,broker 93,12AB14,,LSE,COMM_EXCH,REF_BBG_PROD2,,,,2016.12.02,BBG_TRADEBOOK,5775018,,GFD,agency,2018.10.25D01:47:49.515855000,,,XYZ,,,XYZ,Comdty,BBG_TRADEBOOK-Comdty-FUT,,,100,,,,CCY1041,BBG_TRADEBOOK-USD,,,,new,,,LSE,LSE,,BBG_TRADEBOOK,BBG_TRADEBOOK,BBG_ETD_MF-PreAuctionSp00fing_DL_20150512.csv.gz,LSECLS-OR-Oid3,843386990092 ZBM6,,,broker 93,UBS,BBG_TRADEBOOK-LSECLS-OR-Trader,GUI-LSECLS-OR-Trader-12AB14-XYZ,10540,,,,,,,,,,,MSG:OrderId: 84338699990134; orderType:LMT,,,,,,,,5.94E+17,,,,,,,,,,,,,,,
XYZ,2015.05.12D16:40:00.004000000,LSECLS-OR-Oid4,LMT,new,S,1.23,0,,100,100,,LSECLS-OR-Trader,broker 94,12AB14,,LSE,COMM_EXCH,REF_BBG_PROD2,,,,2016.12.02,BBG_TRADEBOOK,5775018,,GFD,agency,2018.10.25D01:47:49.515855000,,,XYZ,,,XYZ,Comdty,BBG_TRADEBOOK-Comdty-FUT,,,100,,,,CCY1041,BBG_TRADEBOOK-USD,,,,new,,,LSE,LSE,,BBG_TRADEBOOK,BBG_TRADEBOOK,BBG_ETD_MF-PreAuctionSp00fing_DL_20150512.csv.gz,LSECLS-OR-Oid4,843386990092 ZBM6,,,broker 94,UBS,BBG_TRADEBOOK-LSECLS-OR-Trader,GUI-LSECLS-OR-Trader-12AB14-XYZ,10540,,,,,,,,,,,MSG:OrderId: 84338699990134; orderType:LMT,,,,,,,,5.94E+17,,,,,,,,,,,,,,,
XYZ,2015.05.12D16:40:00.005000000,LSECLS-OR-Oid5,LMT,new,S,1.23,0,,100,100,,LSECLS-OR-Trader,broker 95,12AB14,,LSE,COMM_EXCH,REF_BBG_PROD2,,,,2016.12.02,BBG_TRADEBOOK,5775018,,GFD,agency,2018.10.25D01:47:49.515855000,,,XYZ,,,XYZ,Comdty,BBG_TRADEBOOK-Comdty-FUT,,,100,,,,CCY1041,BBG_TRADEBOOK-USD,,,,new,,,LSE,LSE,,BBG_TRADEBOOK,BBG_TRADEBOOK,BBG_ETD_MF-PreAuctionSp00fing_DL_20150512.csv.gz,LSECLS-OR-Oid5,843386990092 ZBM6,,,broker 95,UBS,BBG_TRADEBOOK-LSECLS-OR-Trader,GUI-LSECLS-OR-Trader-12AB14-XYZ,10540,,,,,,,,,,,MSG:OrderId: 84338699990134; orderType:LMT,,,,,,,,5.94E+17,,,,,,,,,,,,,,,
XYZ,2015.05.12D16:40:00.006000000,LSECLS-OR-Oid6,LMT,new,S,1.23,0,,100,100,,LSECLS-OR-Trader,broker 96,12AB14,,LSE,COMM_EXCH,REF_BBG_PROD2,,,,2016.12.02,BBG_TRADEBOOK,5775018,,GFD,agency,2018.10.25D01:47:49.515855000,,,XYZ,,,XYZ,Comdty,BBG_TRADEBOOK-Comdty-FUT,,,100,,,,CCY1041,BBG_TRADEBOOK-USD,,,,new,,,LSE,LSE,,BBG_TRADEBOOK,BBG_TRADEBOOK,BBG_ETD_MF-PreAuctionSp00fing_DL_20150512.csv.gz,LSECLS-OR-Oid6,843386990092 ZBM6,,,broker 96,UBS,BBG_TRADEBOOK-LSECLS-OR-Trader,GUI-LSECLS-OR-Trader-12AB14-XYZ,10540,,,,,,,,,,,MSG:OrderId: 84338699990134; orderType:LMT,,,,,,,,5.94E+17,,,,,,,,,,,,,,,
XYZ,2015.05.12D16:40:00.007000000,LSECLS-OR-Oid7,LMT,new,S,1.23,0,,100,100,,LSECLS-OR-Trader,broker 97,12AB14,,LSE,COMM_EXCH,REF_BBG_PROD2,,,,2016.12.02,BBG_TRADEBOOK,5775018,,GFD,agency,2018.10.25D01:47:49.515855000,,,XYZ,,,XYZ,Comdty,BBG_TRADEBOOK-Comdty-FUT,,,100,,,,CCY1041,BBG_TRADEBOOK-USD,,,,new,,,LSE,LSE,,BBG_TRADEBOOK,BBG_TRADEBOOK,BBG_ETD_MF-PreAuctionSp00fing_DL_20150512.csv.gz,LSECLS-OR-Oid7,843386990092 ZBM6,,,broker 97,UBS,BBG_TRADEBOOK-LSECLS-OR-Trader,GUI-LSECLS-OR-Trader-12AB14-XYZ,10540,,,,,,,,,,,MSG:OrderId: 84338699990134; orderType:LMT,,,,,,,,5.94E+17,,,,,,,,,,,,,,,
XYZ,2015.05.12D16:40:00.008000000,LSECLS-OR-Oid8,LMT,new,S,1.23,0,,100,100,,LSECLS-OR-Trader,broker 98,12AB14,,LSE,COMM_EXCH,REF_BBG_PROD2,,,,2016.12.02,BBG_TRADEBOOK,5775018,,GFD,agency,2018.10.25D01:47:49.515855000,,,XYZ,,,XYZ,Comdty,BBG_TRADEBOOK-Comdty-FUT,,,100,,,,CCY1041,BBG_TRADEBOOK-USD,,,,new,,,LSE,LSE,,BBG_TRADEBOOK,BBG_TRADEBOOK,BBG_ETD_MF-PreAuctionSp00fing_DL_20150512.csv.gz,LSECLS-OR-Oid8,843386990092 ZBM6,,,broker 98,UBS,BBG_TRADEBOOK-LSECLS-OR-Trader,GUI-LSECLS-OR-Trader-12AB14-XYZ,10540,,,,,,,,,,,MSG:OrderId: 84338699990134; orderType:LMT,,,,,,,,5.94E+17,,,,,,,,,,,,,,,
XYZ,2015.05.12D16:40:00.009000000,LSECLS-OR-Oid9,LMT,new,S,1.23,0,,100,100,,LSECLS-OR-Trader,broker 99,12AB14,,LSE,COMM_EXCH,REF_BBG_PROD2,,,,2016.12.02,BBG_TRADEBOOK,5775018,,GFD,agency,2018.10.25D01:47:49.515855000,,,XYZ,,,XYZ,Comdty,BBG_TRADEBOOK-Comdty-FUT,,,100,,,,CCY1041,BBG_TRADEBOOK-USD,,,,new,,,LSE,LSE,,BBG_TRADEBOOK,BBG_TRADEBOOK,BBG_ETD_MF-PreAuctionSp00fing_DL_20150512.csv.gz,LSECLS-OR-Oid9,843386990092 ZBM6,,,broker 99,UBS,BBG_TRADEBOOK-LSECLS-OR-Trader,GUI-LSECLS-OR-Trader-12AB14-XYZ,10540,,,,,,,,,,,MSG:OrderId: 84338699990134; orderType:LMT,,,,,,,,5.94E+17,,,,,,,,,,,,,,,
XYZ,2015.05.12D16:40:00.010000000,LSECLS-OR-Oid10,LMT,new,S,1.23,0,,100,100,,LSECLS-OR-Trader,broker 100,12AB14,,LSE,COMM_EXCH,REF_BBG_PROD2,,,,2016.12.02,BBG_TRADEBOOK,5775018,,GFD,agency,2018.10.25D01:47:49.515855000,,,XYZ,,,XYZ,Comdty,BBG_TRADEBOOK-Comdty-FUT,,,100,,,,CCY1041,BBG_TRADEBOOK-USD,,,,new,,,LSE,LSE,,BBG_TRADEBOOK,BBG_TRADEBOOK,BBG_ETD_MF-PreAuctionSp00fing_DL_20150512.csv.gz,LSECLS-OR-Oid10,843386990092 ZBM6,,,broker 100,UBS,BBG_TRADEBOOK-LSECLS-OR-Trader,GUI-LSECLS-OR-Trader-12AB14-XYZ,10540,,,,,,,,,,,MSG:OrderId: 84338699990134; orderType:LMT,,,,,,,,5.94E+17,,,,,,,,,,,,,,,
XYZ,2015.05.12D16:48:00.000000000,LSECLS-OR-Oid1,LMT,cancelled,S,1.23,0,,100,100,,LSECLS-OR-Trader,broker 101,12AB14,,LSE,COMM_EXCH,REF_BBG_PROD2,,,,2016.12.02,BBG_TRADEBOOK,5775018,,GFD,agency,2018.10.25D01:47:49.515855000,,,XYZ,,,XYZ,Comdty,BBG_TRADEBOOK-Comdty-FUT,,,100,,,,CCY1041,BBG_TRADEBOOK-USD,,,,cancelled,,,LSE,LSE,,BBG_TRADEBOOK,BBG_TRADEBOOK,BBG_ETD_MF-PreAuctionSp00fing_DL_20150512.csv.gz,LSECLS-OR-Oid1,843386990092 ZBM6,,,broker 101,UBS,BBG_TRADEBOOK-LSECLS-OR-Trader,GUI-LSECLS-OR-Trader-12AB14-XYZ,10540,,,,,,,,,,,MSG:OrderId: 84338699990134; orderType:LMT,,,,,,,,5.94E+17,,,,,,,,,,,,,,,
XYZ,2015.05.12D16:48:00.001000000,LSECLS-OR-Oid2,LMT,cancelled,S,1.23,0,,100,100,,LSECLS-OR-Trader,broker 102,12AB14,,LSE,COMM_EXCH,REF_BBG_PROD2,,,,2016.12.02,BBG_TRADEBOOK,5775018,,GFD,agency,2018.10.25D01:47:49.515855000,,,XYZ,,,XYZ,Comdty,BBG_TRADEBOOK-Comdty-FUT,,,100,,,,CCY1041,BBG_TRADEBOOK-USD,,,,cancelled,,,LSE,LSE,,BBG_TRADEBOOK,BBG_TRADEBOOK,BBG_ETD_MF-PreAuctionSp00fing_DL_20150512.csv.gz,LSECLS-OR-Oid2,843386990092 ZBM6,,,broker 102,UBS,BBG_TRADEBOOK-LSECLS-OR-Trader,GUI-LSECLS-OR-Trader-12AB14-XYZ,10540,,,,,,,,,,,MSG:OrderId: 84338699990134; orderType:LMT,,,,,,,,5.94E+17,,,,,,,,,,,,,,,
XYZ,2015.05.12D16:48:00.002000000,LSECLS-OR-Oid3,LMT,cancelled,S,1.23,0,,100,100,,LSECLS-OR-Trader,broker 103,12AB14,,LSE,COMM_EXCH,REF_BBG_PROD2,,,,2016.12.02,BBG_TRADEBOOK,5775018,,GFD,agency,2018.10.25D01:47:49.515855000,,,XYZ,,,XYZ,Comdty,BBG_TRADEBOOK-Comdty-FUT,,,100,,,,CCY1041,BBG_TRADEBOOK-USD,,,,cancelled,,,LSE,LSE,,BBG_TRADEBOOK,BBG_TRADEBOOK,BBG_ETD_MF-PreAuctionSp00fing_DL_20150512.csv.gz,LSECLS-OR-Oid3,843386990092 ZBM6,,,broker 103,UBS,BBG_TRADEBOOK-LSECLS-OR-Trader,GUI-LSECLS-OR-Trader-12AB14-XYZ,10540,,,,,,,,,,,MSG:OrderId: 84338699990134; orderType:LMT,,,,,,,,5.94E+17,,,,,,,,,,,,,,,
